-- MySQL Script generated by MySQL Workbench
-- Sun Oct  2 23:55:33 2022
-- Model: New Model    Version: 1.0
-- MySQL Workbench Forward Engineering

SET @OLD_UNIQUE_CHECKS=@@UNIQUE_CHECKS, UNIQUE_CHECKS=0;
SET @OLD_FOREIGN_KEY_CHECKS=@@FOREIGN_KEY_CHECKS, FOREIGN_KEY_CHECKS=0;
SET @OLD_SQL_MODE=@@SQL_MODE, SQL_MODE='ONLY_FULL_GROUP_BY,STRICT_TRANS_TABLES,NO_ZERO_IN_DATE,NO_ZERO_DATE,ERROR_FOR_DIVISION_BY_ZERO,NO_ENGINE_SUBSTITUTION';

-- -----------------------------------------------------
-- Schema mydb
-- -----------------------------------------------------
DROP SCHEMA IF EXISTS `mydb` ;

-- -----------------------------------------------------
-- Schema mydb
-- -----------------------------------------------------
CREATE SCHEMA IF NOT EXISTS `mydb` DEFAULT CHARACTER SET utf8 ;
SHOW WARNINGS;
USE `mydb` ;

-- -----------------------------------------------------
-- Table `consignee_info`
-- -----------------------------------------------------
DROP TABLE IF EXISTS `consignee_info` ;

SHOW WARNINGS;
CREATE TABLE IF NOT EXISTS `consignee_info` (
  `id_consignee` INT NOT NULL AUTO_INCREMENT,
  `consignee_name` VARCHAR(45) NOT NULL,
  `consignee_address` VARCHAR(250) NOT NULL,
  PRIMARY KEY (`id_consignee`))
ENGINE = InnoDB;

SHOW WARNINGS;

-- -----------------------------------------------------
-- Table `country_info`
-- -----------------------------------------------------
DROP TABLE IF EXISTS `country_info` ;

SHOW WARNINGS;
CREATE TABLE IF NOT EXISTS `country_info` (
  `origin_code` INT NOT NULL,
  `departure_country` VARCHAR(45) NOT NULL,
  PRIMARY KEY (`origin_code`))
ENGINE = InnoDB;

SHOW WARNINGS;

-- -----------------------------------------------------
-- Table `invoice_info`
-- -----------------------------------------------------
DROP TABLE IF EXISTS `invoice_info` ;

SHOW WARNINGS;
CREATE TABLE IF NOT EXISTS `invoice_info` (
  `invoice_num` INT NOT NULL,
  `carriage_num` INT NOT NULL,
  PRIMARY KEY (`invoice_num`))
ENGINE = InnoDB;

SHOW WARNINGS;

-- -----------------------------------------------------
-- Table `main_table_info`
-- -----------------------------------------------------
DROP TABLE IF EXISTS `main_table_info` ;

SHOW WARNINGS;
CREATE TABLE IF NOT EXISTS `main_table_info` (
  `id` INT NOT NULL,
  `external_number` INT NOT NULL,
  `dispatch_type` VARCHAR(45) NOT NULL,
  `car_type` VARCHAR(45) NOT NULL,
  `load_capacity` FLOAT NOT NULL,
  `number_axles` INT NOT NULL,
  `number_seats` INT NOT NULL,
  `type_packaging` VARCHAR(45) NOT NULL,
  `description_cargo` VARCHAR(100) NOT NULL,
  `gross_weight` INT NOT NULL,
  `сargo_weight` INT NOT NULL,
  `tare_weight` INT NOT NULL,
  `special_marks` VARCHAR(250) NOT NULL,
  `sign_deletion` INT NULL,
  `responsible_person` VARCHAR(100) NOT NULL,
  `invoice_info_invoice_num` INT NOT NULL,
  `country_info_origin_code` INT NOT NULL,
  `station_departure_info_station_departure_code` INT NOT NULL,
  `shipper_info_id_shipper` INT NOT NULL,
  `station_purpose_info_station_purpose_code` INT NOT NULL,
  `consignee_info_id_consignee` INT NOT NULL,
  PRIMARY KEY (`id`, `invoice_info_invoice_num`, `country_info_origin_code`, `station_departure_info_station_departure_code`, `shipper_info_id_shipper`, `station_purpose_info_station_purpose_code`, `consignee_info_id_consignee`))
ENGINE = InnoDB;

SHOW WARNINGS;

-- -----------------------------------------------------
-- Table `shipper_info`
-- -----------------------------------------------------
DROP TABLE IF EXISTS `shipper_info` ;

SHOW WARNINGS;
CREATE TABLE IF NOT EXISTS `shipper_info` (
  `id_shipper` INT NOT NULL AUTO_INCREMENT,
  `shipper_name` VARCHAR(45) NOT NULL,
  `shipper_address` VARCHAR(100) NOT NULL,
  PRIMARY KEY (`id_shipper`))
ENGINE = InnoDB;

SHOW WARNINGS;

-- -----------------------------------------------------
-- Table `station_departure_info`
-- -----------------------------------------------------
DROP TABLE IF EXISTS `station_departure_info` ;

SHOW WARNINGS;
CREATE TABLE IF NOT EXISTS `station_departure_info` (
  `station_departure_code` INT NOT NULL,
  `station_departure_name` VARCHAR(45) NOT NULL,
  PRIMARY KEY (`station_departure_code`))
ENGINE = InnoDB;

SHOW WARNINGS;

-- -----------------------------------------------------
-- Table `station_purpose_info`
-- -----------------------------------------------------
DROP TABLE IF EXISTS `station_purpose_info` ;

SHOW WARNINGS;
CREATE TABLE IF NOT EXISTS `station_purpose_info` (
  `station_purpose_code` INT NOT NULL,
  `station_purpose_name` VARCHAR(45) NOT NULL,
  PRIMARY KEY (`station_purpose_code`))
ENGINE = InnoDB;

SHOW WARNINGS;

-- -----------------------------------------------------
-- Data for table `consignee_info`
-- -----------------------------------------------------
START TRANSACTION;
USE `mydb`;
INSERT INTO `consignee_info` (`id_consignee`, `consignee_name`, `consignee_address`) VALUES (1, 'АО \"ТТК\"', ' Ханты-Мансийский автономный округ, Нижневартовск, Заводская 3');
INSERT INTO `consignee_info` (`id_consignee`, `consignee_name`, `consignee_address`) VALUES (2, 'ООО \"БашЛогПром\"', 'Республика Башкортостан, г.Нефтекамск, ул. Луговая 56');
INSERT INTO `consignee_info` (`id_consignee`, `consignee_name`, `consignee_address`) VALUES (3, 'ООО \"Лидер\"', 'Московская область, г. Химки, Нагорное шоссе');
INSERT INTO `consignee_info` (`id_consignee`, `consignee_name`, `consignee_address`) VALUES (4, 'ООО \"Логистик-М\"', 'Удмуртская Республика, г.Ижевск, ул.Белая, 44');
INSERT INTO `consignee_info` (`id_consignee`, `consignee_name`, `consignee_address`) VALUES (5, 'ООО \"РНС\"', ' Ханты-Мансийский автономный округ, Нижневартовск, Заводская 1');
INSERT INTO `consignee_info` (`id_consignee`, `consignee_name`, `consignee_address`) VALUES (6, 'ООО \"Снабжение\"', ' Ханты-Мансийский автономный округ, Нижневартовск, Петровская 245');
INSERT INTO `consignee_info` (`id_consignee`, `consignee_name`, `consignee_address`) VALUES (7, 'ООО \"Снабжение\"', ' Ханты-Мансийский автономный округ, Нижневартовск, Северное шоссе 2');
INSERT INTO `consignee_info` (`id_consignee`, `consignee_name`, `consignee_address`) VALUES (8, 'ООО \"Удмурт', 'Удмуртская Республика, г.Ижевск, ул.Новоселов, 12');
INSERT INTO `consignee_info` (`id_consignee`, `consignee_name`, `consignee_address`) VALUES (9, 'ПАО \"Нефть и газ\"', 'Тюменская обл. г. Сургут, ул.Ленина 3');
INSERT INTO `consignee_info` (`id_consignee`, `consignee_name`, `consignee_address`) VALUES (10, 'ПАО \"ПТЗ\"', 'Свердловская обл., г. Каменск-Уральский, ул. Ленина 1');
INSERT INTO `consignee_info` (`id_consignee`, `consignee_name`, `consignee_address`) VALUES (11, 'ПАО \"Нефть и газ\"', 'Тюменская обл. , пгт. Новый, ул.Первая линия 42');

COMMIT;


-- -----------------------------------------------------
-- Data for table `country_info`
-- -----------------------------------------------------
START TRANSACTION;
USE `mydb`;
INSERT INTO `country_info` (`origin_code`, `departure_country`) VALUES (643, 'Россия');

COMMIT;


-- -----------------------------------------------------
-- Data for table `invoice_info`
-- -----------------------------------------------------
START TRANSACTION;
USE `mydb`;
INSERT INTO `invoice_info` (`invoice_num`, `carriage_num`) VALUES (203177, 63693832);
INSERT INTO `invoice_info` (`invoice_num`, `carriage_num`) VALUES (203244, 64683983);
INSERT INTO `invoice_info` (`invoice_num`, `carriage_num`) VALUES (203445, 60822786);
INSERT INTO `invoice_info` (`invoice_num`, `carriage_num`) VALUES (203506, 82714839);
INSERT INTO `invoice_info` (`invoice_num`, `carriage_num`) VALUES (203508, 64808989);
INSERT INTO `invoice_info` (`invoice_num`, `carriage_num`) VALUES (203511, 86379928);
INSERT INTO `invoice_info` (`invoice_num`, `carriage_num`) VALUES (203525, 88882886);
INSERT INTO `invoice_info` (`invoice_num`, `carriage_num`) VALUES (203538, 88112208);
INSERT INTO `invoice_info` (`invoice_num`, `carriage_num`) VALUES (203541, 88494063);
INSERT INTO `invoice_info` (`invoice_num`, `carriage_num`) VALUES (203544, 82716164);
INSERT INTO `invoice_info` (`invoice_num`, `carriage_num`) VALUES (203552, 60963337);
INSERT INTO `invoice_info` (`invoice_num`, `carriage_num`) VALUES (203571, 83466389);
INSERT INTO `invoice_info` (`invoice_num`, `carriage_num`) VALUES (203574, 60784066);
INSERT INTO `invoice_info` (`invoice_num`, `carriage_num`) VALUES (203576, 84996806);
INSERT INTO `invoice_info` (`invoice_num`, `carriage_num`) VALUES (203585, 63693880);
INSERT INTO `invoice_info` (`invoice_num`, `carriage_num`) VALUES (203594, 88031108);
INSERT INTO `invoice_info` (`invoice_num`, `carriage_num`) VALUES (203596, 82996788);
INSERT INTO `invoice_info` (`invoice_num`, `carriage_num`) VALUES (203601, 83443894);
INSERT INTO `invoice_info` (`invoice_num`, `carriage_num`) VALUES (203610, 86868047);
INSERT INTO `invoice_info` (`invoice_num`, `carriage_num`) VALUES (203612, 86372691);
INSERT INTO `invoice_info` (`invoice_num`, `carriage_num`) VALUES (203648, 88087662);
INSERT INTO `invoice_info` (`invoice_num`, `carriage_num`) VALUES (203650, 88087290);
INSERT INTO `invoice_info` (`invoice_num`, `carriage_num`) VALUES (203652, 61332686);
INSERT INTO `invoice_info` (`invoice_num`, `carriage_num`) VALUES (203674, 83476818);

COMMIT;


-- -----------------------------------------------------
-- Data for table `main_table_info`
-- -----------------------------------------------------
START TRANSACTION;
USE `mydb`;
INSERT INTO `main_table_info` (`id`, `external_number`, `dispatch_type`, `car_type`, `load_capacity`, `number_axles`, `number_seats`, `type_packaging`, `description_cargo`, `gross_weight`, `сargo_weight`, `tare_weight`, `special_marks`, `sign_deletion`, `responsible_person`, `invoice_info_invoice_num`, `country_info_origin_code`, `station_departure_info_station_departure_code`, `shipper_info_id_shipper`, `station_purpose_info_station_purpose_code`, `consignee_info_id_consignee`) VALUES (157401, 12131713, 'ГР', 'ПВ', 69.5, 4, 18, 'Связки', 'Диаметр:127.00мм', 82600, 58900, 23700, 'Сертификат 25467692 от 25.05.2020 г. ', NULL, 'Кузьменко П.П.', 203177, 643, 511508, 1, 656406, 2);
INSERT INTO `main_table_info` (`id`, `external_number`, `dispatch_type`, `car_type`, `load_capacity`, `number_axles`, `number_seats`, `type_packaging`, `description_cargo`, `gross_weight`, `сargo_weight`, `tare_weight`, `special_marks`, `sign_deletion`, `responsible_person`, `invoice_info_invoice_num`, `country_info_origin_code`, `station_departure_info_station_departure_code`, `shipper_info_id_shipper`, `station_purpose_info_station_purpose_code`, `consignee_info_id_consignee`) VALUES (157377, 12131689, 'ВО', 'ПВ', 70.3, 4, 15, 'Связки', 'Диаметр:177.80мм', 84580, 61020, 23560, 'Сертификат 25467529 от 20.05.2020 г. ', NULL, 'Кузьменко П.П.', 203244, 643, 511508, 1, 797002, 3);
INSERT INTO `main_table_info` (`id`, `external_number`, `dispatch_type`, `car_type`, `load_capacity`, `number_axles`, `number_seats`, `type_packaging`, `description_cargo`, `gross_weight`, `сargo_weight`, `tare_weight`, `special_marks`, `sign_deletion`, `responsible_person`, `invoice_info_invoice_num`, `country_info_origin_code`, `station_departure_info_station_departure_code`, `shipper_info_id_shipper`, `station_purpose_info_station_purpose_code`, `consignee_info_id_consignee`) VALUES (157384, 12131696, 'ВО', 'ПВ', 70, 4, 14, 'Связки', 'Диаметр:127.00мм', 89120, 65980, 23140, 'Сертификат 25467564 от 22.05.2020 г. ', NULL, 'Ващенко Т.П.', 203445, 643, 511508, 1, 798005, 1);
INSERT INTO `main_table_info` (`id`, `external_number`, `dispatch_type`, `car_type`, `load_capacity`, `number_axles`, `number_seats`, `type_packaging`, `description_cargo`, `gross_weight`, `сargo_weight`, `tare_weight`, `special_marks`, `sign_deletion`, `responsible_person`, `invoice_info_invoice_num`, `country_info_origin_code`, `station_departure_info_station_departure_code`, `shipper_info_id_shipper`, `station_purpose_info_station_purpose_code`, `consignee_info_id_consignee`) VALUES (157381, 12131693, 'ВО', 'ПВ', 69.5, 4, 15, 'Связки', 'Диаметр:114.00мм', 90220, 66460, 23760, 'Сертификат 25467562 от 21.05.2020 г. ', NULL, 'Шлях О.А.', 203506, 643, 511508, 1, 797303, 9);
INSERT INTO `main_table_info` (`id`, `external_number`, `dispatch_type`, `car_type`, `load_capacity`, `number_axles`, `number_seats`, `type_packaging`, `description_cargo`, `gross_weight`, `сargo_weight`, `tare_weight`, `special_marks`, `sign_deletion`, `responsible_person`, `invoice_info_invoice_num`, `country_info_origin_code`, `station_departure_info_station_departure_code`, `shipper_info_id_shipper`, `station_purpose_info_station_purpose_code`, `consignee_info_id_consignee`) VALUES (157379, 12131691, 'ГР', 'ПВ', 70, 4, 15, 'Связки', 'Диаметр:127.00мм', 85060, 62420, 22640, 'Сертификат 25467550 от 20.05.2020 г. ', NULL, 'Шлях О.А.', 203508, 643, 511508, 1, 255607, 4);
INSERT INTO `main_table_info` (`id`, `external_number`, `dispatch_type`, `car_type`, `load_capacity`, `number_axles`, `number_seats`, `type_packaging`, `description_cargo`, `gross_weight`, `сargo_weight`, `tare_weight`, `special_marks`, `sign_deletion`, `responsible_person`, `invoice_info_invoice_num`, `country_info_origin_code`, `station_departure_info_station_departure_code`, `shipper_info_id_shipper`, `station_purpose_info_station_purpose_code`, `consignee_info_id_consignee`) VALUES (157374, 12131691, 'ГР', 'ПВ', 69.5, 4, 15, 'Связки', 'Диаметр:114.30мм', 75040, 51180, 23860, 'Сертификат 25467515 от 20.05.2020 г.', NULL, 'Шлях О.А.', 203511, 643, 511508, 1, 255607, 4);
INSERT INTO `main_table_info` (`id`, `external_number`, `dispatch_type`, `car_type`, `load_capacity`, `number_axles`, `number_seats`, `type_packaging`, `description_cargo`, `gross_weight`, `сargo_weight`, `tare_weight`, `special_marks`, `sign_deletion`, `responsible_person`, `invoice_info_invoice_num`, `country_info_origin_code`, `station_departure_info_station_departure_code`, `shipper_info_id_shipper`, `station_purpose_info_station_purpose_code`, `consignee_info_id_consignee`) VALUES (157382, 12131694, 'ВО', 'ПВ', 70.3, 4, 14, 'Связки', 'Диаметр:114.30мм', 84280, 61360, 22920, 'Сертификат 25467574 от 22.05.2020 г. ', NULL, 'Ващенко Т.П.', 203525, 643, 511508, 1, 797303, 9);
INSERT INTO `main_table_info` (`id`, `external_number`, `dispatch_type`, `car_type`, `load_capacity`, `number_axles`, `number_seats`, `type_packaging`, `description_cargo`, `gross_weight`, `сargo_weight`, `tare_weight`, `special_marks`, `sign_deletion`, `responsible_person`, `invoice_info_invoice_num`, `country_info_origin_code`, `station_departure_info_station_departure_code`, `shipper_info_id_shipper`, `station_purpose_info_station_purpose_code`, `consignee_info_id_consignee`) VALUES (1, 12131706, 'ВО', 'ПВ', 69, 4, 13, 'Связки', 'Диаметр:73.00мм', 87220, 64240, 22980, 'Сертификат 25467620 от 27.05.2020 г. ', NULL, 'Шлях О.А.', 203538, 643, 511508, 1, 798005, 1);
INSERT INTO `main_table_info` (`id`, `external_number`, `dispatch_type`, `car_type`, `load_capacity`, `number_axles`, `number_seats`, `type_packaging`, `description_cargo`, `gross_weight`, `сargo_weight`, `tare_weight`, `special_marks`, `sign_deletion`, `responsible_person`, `invoice_info_invoice_num`, `country_info_origin_code`, `station_departure_info_station_departure_code`, `shipper_info_id_shipper`, `station_purpose_info_station_purpose_code`, `consignee_info_id_consignee`) VALUES (157394, 12131706, 'ВО', 'ПВ', 69, 4, 14, 'Связки', 'Диаметр:75.00мм', 87220, 64240, 22980, 'Сертификат 25467620 от 27.05.2020 г. ', NULL, 'Шлях О.А.', 203538, 643, 511508, 1, 798005, 1);
INSERT INTO `main_table_info` (`id`, `external_number`, `dispatch_type`, `car_type`, `load_capacity`, `number_axles`, `number_seats`, `type_packaging`, `description_cargo`, `gross_weight`, `сargo_weight`, `tare_weight`, `special_marks`, `sign_deletion`, `responsible_person`, `invoice_info_invoice_num`, `country_info_origin_code`, `station_departure_info_station_departure_code`, `shipper_info_id_shipper`, `station_purpose_info_station_purpose_code`, `consignee_info_id_consignee`) VALUES (157383, 12131695, 'ВО', 'ПВ', 69.5, 4, 18, 'Связки', 'Диаметр:73.00мм', 89440, 65740, 23700, 'Сертификат 25467566 от 22.05.2020 г. ', NULL, 'Назарова Е.В.', 203541, 643, 511508, 1, 795100, 10);
INSERT INTO `main_table_info` (`id`, `external_number`, `dispatch_type`, `car_type`, `load_capacity`, `number_axles`, `number_seats`, `type_packaging`, `description_cargo`, `gross_weight`, `сargo_weight`, `tare_weight`, `special_marks`, `sign_deletion`, `responsible_person`, `invoice_info_invoice_num`, `country_info_origin_code`, `station_departure_info_station_departure_code`, `shipper_info_id_shipper`, `station_purpose_info_station_purpose_code`, `consignee_info_id_consignee`) VALUES (157378, 12131690, 'ВО', 'ПВ', 69.5, 4, 17, 'Связки', 'Диаметр:177.80мм', 81840, 58180, 23660, 'Сертификат 25467544 от 21.05.2020 г.', NULL, 'Шлях О.А.', 203544, 643, 511508, 1, 798005, 6);
INSERT INTO `main_table_info` (`id`, `external_number`, `dispatch_type`, `car_type`, `load_capacity`, `number_axles`, `number_seats`, `type_packaging`, `description_cargo`, `gross_weight`, `сargo_weight`, `tare_weight`, `special_marks`, `sign_deletion`, `responsible_person`, `invoice_info_invoice_num`, `country_info_origin_code`, `station_departure_info_station_departure_code`, `shipper_info_id_shipper`, `station_purpose_info_station_purpose_code`, `consignee_info_id_consignee`) VALUES (157380, 12131692, 'ВО', 'ПВ', 70, 4, 16, 'Связки', 'Диаметр:114.30мм', 73140, 50220, 22920, 'Сертификат 25467545 от 21.05.2020 г.', NULL, 'Шлях О.А.', 203552, 643, 511508, 1, 255607, 8);
INSERT INTO `main_table_info` (`id`, `external_number`, `dispatch_type`, `car_type`, `load_capacity`, `number_axles`, `number_seats`, `type_packaging`, `description_cargo`, `gross_weight`, `сargo_weight`, `tare_weight`, `special_marks`, `sign_deletion`, `responsible_person`, `invoice_info_invoice_num`, `country_info_origin_code`, `station_departure_info_station_departure_code`, `shipper_info_id_shipper`, `station_purpose_info_station_purpose_code`, `consignee_info_id_consignee`) VALUES (157389, 12131701, 'ВО', 'ПВ', 70, 4, 15, 'Связки', 'Диаметр:73.00мм', 90940, 67780, 23160, 'Сертификат 25467609 от 27.05.2020 г.', NULL, 'Кузьменко П.П.', 203571, 643, 511508, 1, 798005, 1);
INSERT INTO `main_table_info` (`id`, `external_number`, `dispatch_type`, `car_type`, `load_capacity`, `number_axles`, `number_seats`, `type_packaging`, `description_cargo`, `gross_weight`, `сargo_weight`, `tare_weight`, `special_marks`, `sign_deletion`, `responsible_person`, `invoice_info_invoice_num`, `country_info_origin_code`, `station_departure_info_station_departure_code`, `shipper_info_id_shipper`, `station_purpose_info_station_purpose_code`, `consignee_info_id_consignee`) VALUES (157386, 12131698, 'ВО', 'ПВ', 69.5, 4, 18, 'Связки', 'Диаметр:177.80мм', 81040, 57180, 23860, 'Сертификат 25467607 от 27.05.2020 г. ', 1, 'Кузьменко П.П.', 203574, 643, 511508, 1, 798005, 6);
INSERT INTO `main_table_info` (`id`, `external_number`, `dispatch_type`, `car_type`, `load_capacity`, `number_axles`, `number_seats`, `type_packaging`, `description_cargo`, `gross_weight`, `сargo_weight`, `tare_weight`, `special_marks`, `sign_deletion`, `responsible_person`, `invoice_info_invoice_num`, `country_info_origin_code`, `station_departure_info_station_departure_code`, `shipper_info_id_shipper`, `station_purpose_info_station_purpose_code`, `consignee_info_id_consignee`) VALUES (157390, 12131702, 'ВО', 'ПВ', 69.5, 4, 18, 'Связки', 'Диаметр:177.80мм', 80300, 56820, 23480, 'Сертификат 25467615 от 22.05.2020 г. ', NULL, 'Кузьменко П.П.', 203576, 643, 511508, 1, 798005, 6);
INSERT INTO `main_table_info` (`id`, `external_number`, `dispatch_type`, `car_type`, `load_capacity`, `number_axles`, `number_seats`, `type_packaging`, `description_cargo`, `gross_weight`, `сargo_weight`, `tare_weight`, `special_marks`, `sign_deletion`, `responsible_person`, `invoice_info_invoice_num`, `country_info_origin_code`, `station_departure_info_station_departure_code`, `shipper_info_id_shipper`, `station_purpose_info_station_purpose_code`, `consignee_info_id_consignee`) VALUES (157396, 12131708, 'ВО', 'ПВ', 69.5, 4, 14, 'Штуки', 'Диаметр:73.00мм', 90060, 66300, 23760, 'Сертификат 25467642 от 24.05.2020 г.', NULL, 'Ващенко Т.П.', 203585, 643, 511508, 1, 795100, 10);
INSERT INTO `main_table_info` (`id`, `external_number`, `dispatch_type`, `car_type`, `load_capacity`, `number_axles`, `number_seats`, `type_packaging`, `description_cargo`, `gross_weight`, `сargo_weight`, `tare_weight`, `special_marks`, `sign_deletion`, `responsible_person`, `invoice_info_invoice_num`, `country_info_origin_code`, `station_departure_info_station_departure_code`, `shipper_info_id_shipper`, `station_purpose_info_station_purpose_code`, `consignee_info_id_consignee`) VALUES (157385, 12131713, 'ГР', 'ПВ', 69.5, 4, 15, 'Связки', 'Диаметр:127.00мм', 79760, 56120, 23640, 'Сертификат 25467590 от 22.05.2020 г. ', NULL, 'Кузьменко П.П.', 203594, 643, 511508, 1, 656406, 2);
INSERT INTO `main_table_info` (`id`, `external_number`, `dispatch_type`, `car_type`, `load_capacity`, `number_axles`, `number_seats`, `type_packaging`, `description_cargo`, `gross_weight`, `сargo_weight`, `tare_weight`, `special_marks`, `sign_deletion`, `responsible_person`, `invoice_info_invoice_num`, `country_info_origin_code`, `station_departure_info_station_departure_code`, `shipper_info_id_shipper`, `station_purpose_info_station_purpose_code`, `consignee_info_id_consignee`) VALUES (157388, 12131713, 'ГР', 'ПВ', 69, 4, 14, 'Связки', 'Диаметр:127.00мм', 80640, 58000, 22640, 'Сертификат 25467602 от 27.05.2020 г. ', NULL, 'Кузьменко П.П.', 203596, 643, 511508, 1, 656406, 2);
INSERT INTO `main_table_info` (`id`, `external_number`, `dispatch_type`, `car_type`, `load_capacity`, `number_axles`, `number_seats`, `type_packaging`, `description_cargo`, `gross_weight`, `сargo_weight`, `tare_weight`, `special_marks`, `sign_deletion`, `responsible_person`, `invoice_info_invoice_num`, `country_info_origin_code`, `station_departure_info_station_departure_code`, `shipper_info_id_shipper`, `station_purpose_info_station_purpose_code`, `consignee_info_id_consignee`) VALUES (157391, 12131703, 'ВО', 'ПВ', 69, 4, 14, 'Связки', 'Диаметр:114.00мм', 91640, 68600, 23040, 'Сертификат 25467677 от 24.05.2020 г. ', NULL, 'Шлях О.А.', 203601, 643, 511508, 1, 797303, 9);
INSERT INTO `main_table_info` (`id`, `external_number`, `dispatch_type`, `car_type`, `load_capacity`, `number_axles`, `number_seats`, `type_packaging`, `description_cargo`, `gross_weight`, `сargo_weight`, `tare_weight`, `special_marks`, `sign_deletion`, `responsible_person`, `invoice_info_invoice_num`, `country_info_origin_code`, `station_departure_info_station_departure_code`, `shipper_info_id_shipper`, `station_purpose_info_station_purpose_code`, `consignee_info_id_consignee`) VALUES (157400, 12131712, 'ВО', 'ПВ', 69.5, 4, 17, 'Штуки', 'Диаметр:114.30мм', 87820, 64140, 23680, 'Сертификат 25467662 от 24.05.2020 г.', NULL, 'Назарова Е.В.', 203610, 643, 511508, 1, 797303, 9);
INSERT INTO `main_table_info` (`id`, `external_number`, `dispatch_type`, `car_type`, `load_capacity`, `number_axles`, `number_seats`, `type_packaging`, `description_cargo`, `gross_weight`, `сargo_weight`, `tare_weight`, `special_marks`, `sign_deletion`, `responsible_person`, `invoice_info_invoice_num`, `country_info_origin_code`, `station_departure_info_station_departure_code`, `shipper_info_id_shipper`, `station_purpose_info_station_purpose_code`, `consignee_info_id_consignee`) VALUES (157387, 12131699, 'ВО', 'ПВ', 69.5, 4, 15, 'Связки', 'Диаметр:127.00мм', 87960, 64180, 23780, 'Сертификат 25467608 от 22.05.2020 г.  Заказ 015082.  Отгрузка по фактическому весу', NULL, 'Кузьменко П.П.', 203612, 643, 511508, 1, 798005, 1);
INSERT INTO `main_table_info` (`id`, `external_number`, `dispatch_type`, `car_type`, `load_capacity`, `number_axles`, `number_seats`, `type_packaging`, `description_cargo`, `gross_weight`, `сargo_weight`, `tare_weight`, `special_marks`, `sign_deletion`, `responsible_person`, `invoice_info_invoice_num`, `country_info_origin_code`, `station_departure_info_station_departure_code`, `shipper_info_id_shipper`, `station_purpose_info_station_purpose_code`, `consignee_info_id_consignee`) VALUES (157405, 12131717, 'ВО', 'ПВ', 69, 4, 15, 'Связки', 'Диаметр:177.80мм', 83420, 60500, 22920, 'Сертификат 25467699 от 25.05.2020 г. ', 1, 'Кузьменко П.П.', 203648, 643, 511508, 1, 798005, 5);
INSERT INTO `main_table_info` (`id`, `external_number`, `dispatch_type`, `car_type`, `load_capacity`, `number_axles`, `number_seats`, `type_packaging`, `description_cargo`, `gross_weight`, `сargo_weight`, `tare_weight`, `special_marks`, `sign_deletion`, `responsible_person`, `invoice_info_invoice_num`, `country_info_origin_code`, `station_departure_info_station_departure_code`, `shipper_info_id_shipper`, `station_purpose_info_station_purpose_code`, `consignee_info_id_consignee`) VALUES (157404, 12131716, 'ВО', 'ПВ', 69, 4, 16, 'Связки', 'Диаметр:177.80мм', 81180, 58120, 23060, 'Сертификат 25467697 от 25.05.2020 г.', 1, 'Кузьменко П.П.', 203650, 643, 511508, 1, 798005, 5);
INSERT INTO `main_table_info` (`id`, `external_number`, `dispatch_type`, `car_type`, `load_capacity`, `number_axles`, `number_seats`, `type_packaging`, `description_cargo`, `gross_weight`, `сargo_weight`, `tare_weight`, `special_marks`, `sign_deletion`, `responsible_person`, `invoice_info_invoice_num`, `country_info_origin_code`, `station_departure_info_station_departure_code`, `shipper_info_id_shipper`, `station_purpose_info_station_purpose_code`, `consignee_info_id_consignee`) VALUES (157403, 12131715, 'ВО', 'ПВ', 70, 4, 15, 'Связки', 'Диаметр:177.80мм', 89060, 65620, 23440, 'Сертификат 25467675 от 25.05.2020 г. ', NULL, 'Ващенко Т.П.', 203652, 643, 511508, 1, 797002, 3);
INSERT INTO `main_table_info` (`id`, `external_number`, `dispatch_type`, `car_type`, `load_capacity`, `number_axles`, `number_seats`, `type_packaging`, `description_cargo`, `gross_weight`, `сargo_weight`, `tare_weight`, `special_marks`, `sign_deletion`, `responsible_person`, `invoice_info_invoice_num`, `country_info_origin_code`, `station_departure_info_station_departure_code`, `shipper_info_id_shipper`, `station_purpose_info_station_purpose_code`, `consignee_info_id_consignee`) VALUES (157406, 12131718, 'ВО', 'ПВ', 69.5, 4, 15, 'Связки', 'Диаметр:177.80мм', 81440, 57780, 23660, 'Сертификат 25467698 от 25.05.2020 г. Заказ 270456', 1, 'Кузьменко П.П.', 203674, 643, 511508, 1, 798005, 6);
INSERT INTO `main_table_info` (`id`, `external_number`, `dispatch_type`, `car_type`, `load_capacity`, `number_axles`, `number_seats`, `type_packaging`, `description_cargo`, `gross_weight`, `сargo_weight`, `tare_weight`, `special_marks`, `sign_deletion`, `responsible_person`, `invoice_info_invoice_num`, `country_info_origin_code`, `station_departure_info_station_departure_code`, `shipper_info_id_shipper`, `station_purpose_info_station_purpose_code`, `consignee_info_id_consignee`) VALUES (157395, 12131707, 'ВО', 'ПВ', 69.5, 4, 15, 'Связки', 'Диаметр:177.80мм', 81040, 57180, 23860, 'Сертификат 25467607 от 27.05.2020 г. ', NULL, 'Шлях О.А.', 203574, 643, 511508, 1, 798005, 7);
INSERT INTO `main_table_info` (`id`, `external_number`, `dispatch_type`, `car_type`, `load_capacity`, `number_axles`, `number_seats`, `type_packaging`, `description_cargo`, `gross_weight`, `сargo_weight`, `tare_weight`, `special_marks`, `sign_deletion`, `responsible_person`, `invoice_info_invoice_num`, `country_info_origin_code`, `station_departure_info_station_departure_code`, `shipper_info_id_shipper`, `station_purpose_info_station_purpose_code`, `consignee_info_id_consignee`) VALUES (157398, 12131710, 'ВО', 'КР', 69.5, 4, 15, 'Связки', 'Диаметр:114.00мм', 90440, 66820, 23620, 'Сертификат 25467648 от 24.05.2020 г.', NULL, 'Кузьменко П.П.', 203620, 643, 511508, 1, 797303, 11);

COMMIT;


-- -----------------------------------------------------
-- Data for table `shipper_info`
-- -----------------------------------------------------
START TRANSACTION;
USE `mydb`;
INSERT INTO `shipper_info` (`id_shipper`, `shipper_name`, `shipper_address`) VALUES (1, 'ПАО «ТАГМЕТ»', '347928, Ростовская область, Таганрог, Заводская 1 ');

COMMIT;


-- -----------------------------------------------------
-- Data for table `station_departure_info`
-- -----------------------------------------------------
START TRANSACTION;
USE `mydb`;
INSERT INTO `station_departure_info` (`station_departure_code`, `station_departure_name`) VALUES (511508, 'ТАГАНРОГ');

COMMIT;


-- -----------------------------------------------------
-- Data for table `station_purpose_info`
-- -----------------------------------------------------
START TRANSACTION;
USE `mydb`;
INSERT INTO `station_purpose_info` (`station_purpose_code`, `station_purpose_name`) VALUES (255607, 'ВОЖОЙ');
INSERT INTO `station_purpose_info` (`station_purpose_code`, `station_purpose_name`) VALUES (656406, 'ПРИЮТОВО');
INSERT INTO `station_purpose_info` (`station_purpose_code`, `station_purpose_name`) VALUES (795100, 'КАМЕНСК-УРАЛЬСКИЙ');
INSERT INTO `station_purpose_info` (`station_purpose_code`, `station_purpose_name`) VALUES (797002, 'ПЫТЬ-ЯХ');
INSERT INTO `station_purpose_info` (`station_purpose_code`, `station_purpose_name`) VALUES (797303, 'СУРГУТ');
INSERT INTO `station_purpose_info` (`station_purpose_code`, `station_purpose_name`) VALUES (798005, 'НИЖНЕВАРТОВСК 1');

COMMIT;


SET SQL_MODE=@OLD_SQL_MODE;
SET FOREIGN_KEY_CHECKS=@OLD_FOREIGN_KEY_CHECKS;
SET UNIQUE_CHECKS=@OLD_UNIQUE_CHECKS;
